model id,words,label-occurrences,nodes,edge,splits,joins,sequences,loops,task,event,parallelGateway,exclusiveGateway,eventBasedGateway
0,1.1428571428571428,1.0,2,1,0,0,0,0,0,2,0,0,0
1,2.3095238095238093,1.1428571428571428,30,38,6,4,3,0,0,4,1,1,0
2,1.9183673469387754,1.0357142857142858,36,44,4,7,4,0,0,4,1,1,1
3,2.5294117647058822,1.2413793103448276,44,59,8,8,5,0,0,4,1,0,0
4,3.1607142857142856,1.2307692307692308,60,77,9,12,4,0,0,4,1,1,0
5,2.8208955223880596,1.1702127659574468,68,85,12,10,8,0,0,4,1,1,0
6,3.323529411764706,1.3333333333333333,81,99,10,13,13,0,0,4,1,1,1
7,2.711864406779661,1.4,62,79,13,8,7,0,0,4,1,1,0
8,1.8627450980392157,1.12,36,39,4,5,3,0,0,4,1,1,0
9,1.9375,1.1111111111111112,38,47,7,5,3,0,0,4,1,1,0
10,1.4,1.0,2,1,0,0,0,0,0,2,0,0,0
11,2.787878787878788,1.411764705882353,28,29,2,2,3,0,0,3,0,1,0
12,2.75,1.2727272727272727,36,45,7,5,3,0,0,4,1,1,0
13,2.4565217391304346,1.2222222222222223,41,50,5,7,5,0,0,4,1,1,0
14,2.2096774193548385,1.1891891891891893,55,72,10,10,7,0,0,4,1,1,0
15,2.6666666666666665,1.263157894736842,59,76,10,10,7,0,0,4,1,1,0
16,2.518987341772152,1.1454545454545455,80,87,9,9,13,0,0,4,0,1,1
17,2.257142857142857,1.1538461538461537,57,68,8,10,7,0,0,4,1,1,0
18,1.9411764705882353,1.263157894736842,30,32,3,3,4,0,0,4,0,1,0
19,1.9777777777777779,1.25,33,36,4,4,5,0,0,4,0,1,1
20,1.0909090909090908,1.0,2,1,0,0,0,0,0,2,0,0,0
21,1.98,1.0434782608695652,30,32,3,3,3,0,0,4,1,1,0
22,2.5813953488372094,1.1481481481481481,38,46,8,6,4,0,0,4,1,1,0
23,2.425925925925926,1.1379310344827587,41,44,5,5,5,0,0,4,0,1,0
24,2.792452830188679,1.2058823529411764,51,55,5,5,9,0,0,4,0,1,0
25,3.2962962962962963,1.2432432432432432,56,66,6,8,8,0,0,4,1,1,0
26,3.1842105263157894,1.2222222222222223,84,92,9,9,12,0,0,4,0,1,0
27,2.4838709677419355,1.25,58,75,13,9,5,0,0,4,1,1,0
28,2.325,1.2,30,38,6,4,4,0,0,4,1,0,0
29,1.8837209302325582,1.04,34,37,4,4,5,0,0,4,1,1,0
30,1.5,1.0,3,2,0,0,1,0,0,3,0,0,0
31,2.1176470588235294,1.1666666666666667,27,29,3,3,4,0,0,4,0,1,0
32,2.1454545454545455,1.1333333333333333,42,51,7,7,2,0,0,4,0,1,0
33,2.23728813559322,1.1875,48,58,8,8,6,0,0,4,1,1,1
34,2.65625,1.15,58,63,6,6,8,0,0,4,0,1,0
35,2.5901639344262297,1.1282051282051282,56,61,6,6,9,0,0,4,0,1,0
36,3.563380281690141,1.2777777777777777,85,105,13,13,10,0,0,4,1,1,0
37,2.772727272727273,1.2439024390243902,62,80,11,10,6,0,0,4,1,1,0
38,2.142857142857143,1.1304347826086956,32,34,3,3,4,0,0,4,0,1,0
39,2.5142857142857142,1.0833333333333333,33,36,4,4,5,0,0,4,0,1,0
40,1.375,1.0,3,2,0,0,1,0,0,3,0,0,0
41,1.7619047619047619,1.0476190476190477,26,27,2,2,5,0,0,4,0,1,0
42,2.4583333333333335,1.037037037037037,36,45,7,6,3,0,0,4,1,0,0
43,2.2033898305084745,1.125,46,56,8,6,4,0,0,4,1,1,1
44,2.673076923076923,1.2580645161290323,51,62,9,8,6,0,0,4,1,1,1
45,2.6721311475409837,1.2222222222222223,56,67,8,9,5,0,0,4,0,1,0
46,3.9523809523809526,1.3653846153846154,93,115,15,15,11,0,0,4,1,1,0
47,3.272727272727273,1.3170731707317074,64,75,7,8,9,0,0,4,0,1,0
48,2.2162162162162162,1.2,30,32,3,3,5,0,0,4,1,1,0
49,2.056603773584906,1.0769230769230769,34,43,5,6,2,0,0,4,0,1,0
50,1.0,1.0,2,1,0,0,0,0,0,2,0,0,0
51,2.1041666666666665,1.0416666666666667,31,33,3,3,4,0,0,3,0,1,0
52,2.239130434782609,1.1111111111111112,36,38,3,3,4,0,0,4,0,1,0
53,2.5,1.2580645161290323,47,62,8,9,6,0,0,4,1,1,0
54,2.7551020408163267,1.1764705882352942,50,60,6,8,7,0,0,4,1,1,0
55,3.6296296296296298,1.1904761904761905,60,71,7,8,5,0,0,4,1,1,0
56,3.3013698630136985,1.2352941176470589,81,89,9,9,13,0,0,4,0,1,0
57,2.449275362318841,1.0227272727272727,58,69,7,10,6,0,0,4,1,1,0
58,2.4761904761904763,1.2727272727272727,32,40,5,6,2,0,0,4,0,1,0
59,1.9787234042553192,1.0384615384615385,33,35,3,3,7,0,0,3,0,1,0
60,1.1,1.0,2,1,0,0,0,0,0,2,0,0,0
61,2.1136363636363638,1.0869565217391304,31,39,6,4,2,0,0,4,1,1,0
62,2.3617021276595747,1.1538461538461537,36,38,3,3,4,0,0,4,0,1,0
63,2.574074074074074,1.1515151515151516,47,51,5,5,7,0,0,4,0,1,0
64,2.169230769230769,1.1428571428571428,50,60,9,7,7,0,0,4,1,1,1
65,3.5344827586206895,1.2857142857142858,66,83,11,10,7,0,0,4,1,1,0
66,3.4864864864864864,1.3,81,94,10,11,11,0,0,4,0,1,0
67,2.6666666666666665,1.1842105263157894,57,68,9,7,7,0,0,4,1,1,0
68,2.3658536585365852,1.0833333333333333,32,34,3,3,5,0,0,4,0,1,0
69,2.152173913043478,1.16,36,45,7,5,3,0,0,3,1,1,0
70,1.25,1.0,2,1,0,0,0,0,0,2,0,0,0
71,1.7837837837837838,1.0909090909090908,30,32,3,3,5,0,0,4,1,1,0
72,2.048780487804878,1.0833333333333333,36,46,6,8,2,0,0,4,1,1,0
73,2.280701754385965,1.1612903225806452,43,51,6,7,4,0,0,4,0,1,0
74,2.6862745098039214,1.3666666666666667,51,55,5,5,7,0,0,4,0,1,0
75,2.5,1.2105263157894737,56,65,7,8,7,0,0,4,1,1,0
76,3.824561403508772,1.4,81,89,9,9,10,0,0,4,1,1,0
77,3.2711864406779663,1.4285714285714286,60,64,5,5,8,0,0,4,0,1,0
78,2.2972972972972974,1.1428571428571428,30,38,6,4,3,0,0,4,1,1,0
79,2.088888888888889,1.173913043478261,33,41,6,4,6,0,0,4,1,1,0
80,1.0,1.0,2,1,0,0,0,0,0,2,0,0,0
81,2.6785714285714284,1.5,32,41,7,5,2,0,0,3,1,1,0
82,2.108695652173913,1.0740740740740742,37,40,4,4,5,0,0,4,1,1,0
83,2.4716981132075473,1.3461538461538463,41,40,3,3,5,0,0,4,0,1,0
84,2.8518518518518516,1.1282051282051282,54,58,5,5,8,0,0,4,0,1,0
85,2.727272727272727,1.1428571428571428,56,66,6,7,6,0,0,4,0,1,0
86,3.4558823529411766,1.4166666666666667,82,94,9,10,10,0,0,4,1,1,0
87,2.125,1.1428571428571428,58,67,7,8,4,0,0,4,1,1,0
88,2.189189189189189,1.6470588235294117,36,45,7,5,5,0,0,4,1,1,0
89,2.3488372093023258,1.1111111111111112,38,41,4,4,5,0,0,4,0,1,0
90,1.0,1.0,2,1,0,0,0,0,0,2,0,0,0
91,1.934782608695652,1.05,27,35,6,4,2,0,0,4,1,1,0
92,2.24,1.16,37,40,4,4,6,0,0,4,0,1,0
93,2.5084745762711864,1.2424242424242424,49,48,4,4,7,0,0,4,0,1,0
94,2.75,1.2,54,59,6,6,7,0,0,4,0,1,0
95,2.7586206896551726,1.25,56,66,6,9,8,0,0,4,1,1,0
96,3.411764705882353,1.2580645161290323,95,115,13,15,9,0,0,4,1,1,0
97,2.9166666666666665,1.25,61,71,6,9,9,0,0,4,1,1,0
98,2.5526315789473686,1.1363636363636365,30,37,6,3,5,0,0,4,1,1,0
99,2.375,1.1111111111111112,38,47,5,7,3,0,0,4,1,1,0
100,1.25,1.0,2,1,0,0,0,0,0,2,0,0,0
101,2.1666666666666665,1.2777777777777777,29,31,3,3,4,0,0,4,1,1,0
102,2.0,1.16,37,40,5,5,5,0,0,4,0,1,0
103,2.630434782608696,1.3461538461538463,42,50,7,4,5,0,0,4,1,1,0
104,3.0,1.125,55,59,5,6,7,0,0,4,0,1,0
105,2.4754098360655736,1.3157894736842106,62,73,9,7,11,0,0,4,1,1,0
106,3.9705882352941178,1.3818181818181818,94,120,17,14,8,0,0,4,1,1,0
107,2.694915254237288,1.205128205128205,61,67,7,7,8,0,0,4,1,1,1
108,1.9318181818181819,1.0434782608695652,30,32,3,3,5,0,0,3,1,1,0
109,2.148936170212766,1.3181818181818181,33,30,2,2,3,0,0,4,1,1,0
110,1.0,1.0,2,1,0,0,0,0,0,2,0,0,0
111,1.9574468085106382,1.0833333333333333,32,34,3,3,5,0,0,4,0,1,0
112,2.4489795918367347,1.12,36,39,5,5,5,0,0,4,1,1,0
113,2.1551724137931036,1.1379310344827587,41,44,4,4,7,0,0,4,0,1,0
114,2.892857142857143,1.1666666666666667,54,59,6,6,10,0,0,4,1,1,0
115,2.65625,1.263157894736842,60,72,8,9,8,0,0,4,1,1,0
116,3.2266666666666666,1.2745098039215685,83,91,9,9,12,0,0,4,1,1,0
117,2.7761194029850746,1.3414634146341464,67,78,8,9,8,0,0,4,0,1,0
118,2.150943396226415,1.1538461538461537,36,38,3,3,7,0,0,4,0,1,0
119,2.533333333333333,1.3181818181818181,35,43,6,4,4,0,0,3,1,1,0
120,1.3333333333333333,1.0,1,0,0,0,0,0,1,1,0,0,0
121,2.0606060606060606,1.25,26,28,3,3,4,0,0,4,1,1,0
122,1.896551724137931,1.096774193548387,42,51,6,7,4,0,0,4,0,1,0
123,2.272727272727273,1.1515151515151516,46,49,4,4,8,0,0,4,0,1,0
124,3.2,1.34375,55,72,12,8,4,0,0,4,1,1,0
125,3.4310344827586206,1.25,64,82,13,9,7,0,0,4,1,1,0
126,3.3157894736842106,1.2777777777777777,84,96,8,11,13,0,0,4,1,1,0
127,2.982142857142857,1.2,62,68,7,7,7,0,0,4,0,1,0
128,2.0238095238095237,1.0909090909090908,30,32,3,3,4,0,0,4,0,1,0
129,2.0576923076923075,1.037037037037037,34,42,5,6,2,0,0,4,0,1,0
130,1.1666666666666667,1.0,2,1,0,0,0,0,0,2,0,0,0
131,1.7674418604651163,1.1578947368421053,26,25,2,2,5,0,0,4,1,1,0
132,2.3846153846153846,1.0740740740740742,39,43,5,5,5,0,0,4,0,1,0
133,2.210526315789474,1.088235294117647,45,48,4,4,6,0,0,4,0,1,0
134,2.406779661016949,1.1470588235294117,53,59,7,7,7,0,0,4,1,1,0
135,2.925925925925926,1.2105263157894737,56,66,6,8,8,0,0,4,1,1,0
136,3.6911764705882355,1.2745098039215685,83,91,9,9,12,0,0,4,0,1,0
137,3.2,1.6428571428571428,58,75,13,8,6,0,0,4,1,1,0
138,2.0961538461538463,1.0357142857142858,35,44,5,6,2,0,0,4,0,1,0
139,2.066666666666667,1.1818181818181819,33,41,7,5,5,0,0,4,1,1,0
140,1.2,1.0,2,1,0,0,0,0,0,2,0,0,0
141,1.5813953488372092,1.105263157894737,27,29,3,3,5,0,0,4,0,1,0
142,2.175,1.2173913043478262,36,39,4,5,5,0,0,4,1,1,0
143,1.9814814814814814,1.03125,41,44,4,5,5,0,0,4,0,1,0
144,2.4655172413793105,1.1470588235294117,51,56,7,7,7,0,0,4,0,1,0
145,2.40625,1.2307692307692308,60,71,7,9,8,0,0,4,1,1,0
146,3.324675324675325,1.2884615384615385,82,89,8,8,14,0,0,4,1,1,0
147,2.6031746031746033,1.2045454545454546,67,92,11,16,1,0,0,4,1,1,0
148,1.9047619047619047,1.0434782608695652,30,32,3,3,6,0,0,4,0,1,0
149,2.037037037037037,1.2608695652173914,36,44,7,5,2,0,0,4,1,1,0
150,1.0,1.0,2,1,0,0,0,0,0,2,0,0,0
151,2.2564102564102564,1.0476190476190477,26,27,2,2,5,0,0,4,1,1,0
152,2.4146341463414633,1.12,36,39,4,4,5,0,0,4,1,1,0
153,3.340909090909091,1.1875,48,52,5,5,6,0,0,4,0,1,0
154,2.888888888888889,1.1714285714285715,52,62,6,9,6,0,0,4,1,1,1
155,3.12,1.170731707317073,56,59,4,4,8,0,0,4,0,1,0
156,3.740740740740741,1.3125,81,89,9,9,11,0,0,4,1,1,0
157,3.259259259259259,1.368421052631579,66,84,11,12,7,0,0,4,1,1,0
158,1.9411764705882353,1.0769230769230769,34,42,6,4,2,0,0,4,1,1,0
159,2.7045454545454546,1.1,38,46,5,6,4,0,0,4,0,1,0
160,1.25,1.0,2,1,0,0,0,0,0,2,0,0,0
161,2.03125,1.1578947368421053,26,27,2,2,3,0,0,4,0,1,0
162,2.275,1.1111111111111112,38,47,7,5,3,0,0,4,1,1,0
163,2.3469387755102042,1.1,41,44,4,4,6,0,0,4,0,1,0
164,2.5081967213114753,1.1891891891891893,54,64,6,8,7,0,0,4,1,1,0
165,2.476923076923077,1.2045454545454546,64,81,11,10,6,0,0,4,1,1,0
166,3.6507936507936507,1.36,84,97,11,9,13,0,0,4,1,1,0
167,2.5737704918032787,1.146341463414634,57,67,7,8,7,0,0,4,0,1,0
168,1.9423076923076923,1.1153846153846154,35,43,6,4,5,0,0,4,1,1,0
169,1.8863636363636365,1.0869565217391304,33,36,4,4,4,0,0,4,1,1,0
170,1.0,1.0,2,1,0,0,0,0,0,2,0,0,0
171,2.108108108108108,1.0952380952380953,31,34,5,5,4,0,0,4,0,1,0
172,2.2037037037037037,1.096774193548387,41,56,8,8,2,0,0,4,1,0,0
173,2.627450980392157,1.09375,45,49,5,5,5,0,0,4,0,1,0
174,2.673469387755102,1.2580645161290323,50,67,12,8,3,0,0,4,1,1,0
175,3.0327868852459017,1.3055555555555556,59,71,8,9,8,0,0,4,1,1,0
176,3.9384615384615387,1.2321428571428572,86,112,14,16,8,0,0,4,1,1,0
177,3.5892857142857144,1.2954545454545454,69,86,10,10,5,0,0,4,1,1,0
178,2.215686274509804,1.1481481481481481,36,45,5,6,3,0,0,4,0,1,0
179,2.061224489795918,1.037037037037037,34,34,3,3,4,0,0,4,1,1,0
180,1.4,1.0,2,1,0,0,0,0,0,2,0,0,0
181,2.03125,1.2352941176470589,27,29,3,3,4,0,0,4,1,1,0
182,2.3076923076923075,1.45,37,46,8,6,2,0,0,4,1,1,0
183,2.4363636363636365,1.4482758620689655,48,49,6,4,9,0,1,4,1,1,0
184,3.215686274509804,1.3714285714285714,59,76,12,8,7,0,0,4,1,1,0
185,2.5,1.2564102564102564,59,70,7,8,7,0,0,4,0,1,0
186,3.6,1.2363636363636363,82,106,14,15,5,0,0,4,1,1,0
187,2.5441176470588234,1.2820512820512822,62,79,10,10,5,0,0,4,1,1,0
188,2.142857142857143,1.1818181818181819,32,34,3,3,4,0,0,4,1,1,0
189,1.6538461538461537,1.12,34,34,3,3,5,0,0,4,0,1,0
190,1.0,1.0,2,1,0,0,0,0,0,2,0,0,0
191,1.5957446808510638,1.0434782608695652,30,32,3,3,4,0,0,4,0,1,0
192,2.2857142857142856,1.16,37,46,7,6,4,0,0,4,1,1,0
193,2.3137254901960786,1.0571428571428572,47,51,6,7,5,0,0,4,0,1,0
194,2.6363636363636362,1.1282051282051282,54,58,5,5,10,0,0,4,0,1,0
195,2.2686567164179103,1.1136363636363635,61,66,6,6,11,0,0,4,1,1,0
196,4.4035087719298245,1.36,86,112,17,15,10,0,0,4,1,1,0
197,2.9672131147540983,1.25,62,73,8,9,8,0,0,4,0,1,0
198,2.0930232558139537,1.1818181818181819,33,36,4,4,4,0,0,4,0,1,0
199,1.9772727272727273,1.0833333333333333,34,37,4,4,5,0,0,4,0,1,0
200,1.0,1.0,3,2,0,0,1,0,0,3,0,0,0
201,2.1627906976744184,1.2105263157894737,31,40,7,5,2,0,0,4,1,1,1
202,2.290909090909091,1.1071428571428572,39,42,4,4,4,0,0,4,0,1,0
203,2.135593220338983,1.088235294117647,47,57,8,6,7,0,0,4,1,1,1
204,2.6176470588235294,1.069767441860465,57,64,6,7,9,0,0,4,1,1,0
205,3.3333333333333335,1.3055555555555556,58,76,9,12,5,0,0,4,1,1,0
206,4.159420289855072,1.5333333333333334,87,102,11,12,10,0,0,4,0,1,0
207,2.9384615384615387,1.175,59,64,6,6,9,0,0,4,1,1,0
208,2.0638297872340425,1.0833333333333333,32,40,4,6,4,0,0,4,1,1,0
209,2.13953488372093,1.0869565217391304,33,42,7,5,2,0,0,4,1,1,0
210,1.0833333333333333,1.0,2,1,0,0,0,0,0,2,0,0,0
211,2.15,1.3333333333333333,30,32,3,3,5,0,0,4,0,1,1
212,2.204081632653061,1.2173913043478262,36,39,4,5,5,0,0,4,1,1,0
213,2.8363636363636364,1.3214285714285714,47,51,5,5,6,0,0,4,0,1,0
214,3.037037037037037,1.1842105263157894,55,65,6,8,6,0,0,4,1,1,0
215,3.5238095238095237,1.4594594594594594,64,74,7,8,8,0,0,4,0,1,0
216,3.7901234567901234,1.3448275862068966,96,111,11,12,11,0,0,4,1,1,0
217,2.4285714285714284,1.2,60,65,7,7,7,0,0,4,0,1,0
218,1.9,1.0,30,32,3,3,4,0,0,4,0,1,0
219,2.4,1.16,33,34,2,2,4,0,0,4,0,1,0
220,1.2,1.0,3,2,0,0,1,0,0,3,0,0,0
221,1.7027027027027026,1.2352941176470589,27,29,3,3,3,0,0,4,0,1,0
222,2.902439024390244,1.1612903225806452,44,47,5,5,8,0,0,4,1,1,0
223,2.6,1.2258064516129032,45,53,7,4,8,0,0,4,1,1,0
224,2.75,1.1944444444444444,55,66,7,9,5,0,0,4,1,1,0
225,2.3636363636363638,1.411764705882353,60,65,6,6,10,0,0,4,0,1,0
226,2.675324675324675,1.3061224489795917,80,87,9,9,13,0,0,4,1,1,0
227,2.6984126984126986,1.2105263157894737,60,66,7,7,10,0,0,4,1,1,0
228,1.9534883720930232,1.1363636363636365,31,39,4,6,2,0,0,3,1,1,0
229,2.0425531914893615,1.12,34,33,3,3,4,0,0,4,0,1,0
230,1.0,1.0,2,1,0,0,0,0,0,2,0,0,0
231,1.6829268292682926,1.1111111111111112,26,28,3,3,5,0,0,4,0,1,0
232,1.8571428571428572,1.173913043478261,37,41,5,6,6,0,0,4,1,1,0
233,2.28,1.4166666666666667,41,49,7,5,4,0,0,4,1,1,0
234,2.189655172413793,1.2647058823529411,51,50,5,5,8,0,0,4,1,1,0
235,2.192982456140351,1.2,56,54,5,5,10,0,0,4,0,1,0
236,3.9814814814814814,1.5714285714285714,82,107,16,13,8,0,0,4,1,1,0
237,3.2115384615384617,1.1842105263157894,57,68,8,10,7,0,0,4,1,1,0
238,2.5294117647058822,1.368421052631579,34,43,7,5,3,0,0,4,1,1,0
239,2.2790697674418605,1.1538461538461537,36,45,5,6,1,0,0,4,0,1,0
240,1.0,1.0,2,1,0,0,0,0,0,2,0,0,0
241,2.275,1.0476190476190477,26,33,5,3,2,0,0,4,1,0,0
242,2.5,1.1538461538461537,38,41,4,4,5,0,0,4,0,1,1
243,2.4347826086956523,1.2222222222222223,41,50,5,7,5,0,0,3,1,1,0
244,2.6346153846153846,1.2121212121212122,50,54,5,5,7,0,0,4,0,1,1
245,2.711864406779661,1.3333333333333333,58,70,10,8,7,0,0,4,1,1,0
246,3.546666666666667,1.2545454545454546,85,99,10,11,10,0,0,4,1,1,0
247,2.847457627118644,1.2777777777777777,58,70,8,9,6,0,0,4,0,1,0
248,2.2325581395348837,1.12,34,42,5,6,1,0,0,4,0,1,0
249,2.395348837209302,1.16,34,41,6,3,4,0,0,4,1,1,0
250,1.3333333333333333,1.0,1,0,0,0,0,0,1,1,0,0,0
251,2.6744186046511627,1.1363636363636365,30,37,3,7,2,0,0,4,1,1,0
252,2.2,1.1923076923076923,39,54,6,10,2,0,0,4,1,0,0
253,2.725,1.2222222222222223,42,51,5,8,5,0,0,4,1,1,0
254,2.740740740740741,1.2222222222222223,54,64,7,8,5,0,0,4,0,1,0
255,3.2037037037037037,1.368421052631579,64,79,11,10,5,0,0,4,1,1,0
256,2.8701298701298703,1.1754385964912282,81,93,9,10,13,0,0,4,0,1,0
257,2.8805970149253732,1.1304347826086956,66,78,9,10,6,0,0,4,0,1,0
258,2.0,1.0416666666666667,31,32,3,3,4,0,0,3,1,1,0
259,2.2448979591836733,1.0689655172413792,38,46,5,8,4,0,0,4,1,1,0
260,1.4,1.0,2,1,0,0,0,0,0,2,0,0,0
261,1.930232558139535,1.0476190476190477,26,27,2,2,7,0,0,4,0,1,0
262,2.314814814814815,1.2142857142857142,40,49,5,6,4,0,0,4,0,1,0
263,2.5,1.36,42,51,7,5,4,0,0,4,1,1,0
264,3.0,1.125,55,65,8,6,7,0,0,4,1,1,0
265,3.0,1.4375,56,67,7,8,4,0,0,4,0,1,0
266,3.9315068493150687,1.3703703703703705,96,117,13,17,12,0,0,4,1,1,1
267,2.7301587301587302,1.175,57,67,7,8,8,0,0,4,1,1,0
268,2.022727272727273,1.2,30,32,3,3,6,0,0,3,1,1,0
269,2.06,1.16,33,32,2,2,7,0,0,4,0,1,0
270,1.2,1.0,2,1,0,0,0,0,0,2,0,0,0
271,1.8461538461538463,1.25,26,28,3,3,3,0,0,4,1,1,1
272,2.625,1.1666666666666667,41,50,5,6,5,0,0,4,0,1,0
273,2.574468085106383,1.0689655172413792,41,51,9,7,3,0,0,4,1,1,0
274,2.3684210526315788,1.1944444444444444,53,63,7,8,5,0,0,4,0,1,1
275,2.774193548387097,1.4193548387096775,56,61,6,6,9,0,0,4,0,1,0
276,3.2222222222222223,1.3061224489795917,82,90,10,10,11,0,0,4,1,1,0
277,3.2063492063492065,1.3076923076923077,63,80,10,10,9,0,0,4,1,1,0
278,2.0784313725490198,1.0769230769230769,36,39,4,4,4,0,0,4,1,1,0
279,2.297872340425532,1.12,36,45,5,7,4,0,0,4,1,1,0
280,1.0,1.0,1,0,0,0,0,0,1,1,0,0,0
281,2.175,1.1666666666666667,27,35,6,4,3,0,0,4,1,1,0
282,2.9565217391304346,1.1724137931034482,42,51,7,5,5,0,0,4,1,1,0
283,2.0701754385964914,1.1428571428571428,41,51,8,6,3,0,0,4,1,1,0
284,2.760869565217391,1.1818181818181819,51,62,7,9,4,0,0,4,1,1,0
285,2.359375,1.2162162162162162,56,66,9,7,8,0,0,4,1,1,0
286,3.898550724637681,1.5,87,112,15,15,9,0,0,4,1,1,0
287,3.4901960784313726,1.2325581395348837,65,83,11,10,6,0,0,4,1,1,0
288,2.1219512195121952,1.0869565217391304,30,37,6,4,3,0,0,4,1,1,0
289,2.78125,1.24,37,37,3,3,7,0,0,4,0,1,0
290,1.6666666666666667,1.0,2,1,0,0,0,0,0,2,0,0,0
291,1.66,1.1428571428571428,32,35,4,4,4,0,0,4,1,1,0
292,2.357142857142857,1.1724137931034482,40,49,5,6,5,0,0,4,0,1,0
293,2.3404255319148937,1.1379310344827587,41,50,5,7,6,0,0,4,1,1,0
294,2.5,1.2352941176470589,52,56,5,5,9,0,0,4,0,1,0
295,2.8688524590163933,1.2564102564102564,59,67,6,8,6,0,0,4,1,1,0
296,4.036363636363636,1.4666666666666666,80,94,11,11,10,0,0,4,1,1,0
297,2.9444444444444446,1.2105263157894737,57,67,9,7,8,0,0,4,1,1,0
298,2.4166666666666665,1.1818181818181819,34,43,7,5,3,0,0,4,1,1,0
299,2.0,1.08,33,35,3,3,5,0,0,4,0,1,0
300,1.0,1.0,2,1,0,0,0,0,0,2,0,0,0
301,2.3055555555555554,1.1764705882352942,26,28,3,4,4,0,0,4,1,1,0
302,2.14,1.0,38,46,4,8,6,0,0,4,1,1,0
303,2.6122448979591835,1.096774193548387,44,60,7,11,2,0,0,4,1,1,0
304,2.3541666666666665,1.3333333333333333,50,44,3,3,6,0,0,4,1,0,1
305,3.2115384615384617,1.2702702702702702,56,71,11,7,8,0,0,4,1,1,0
306,3.236111111111111,1.3018867924528301,85,99,10,11,10,0,0,4,1,1,0
307,2.611111111111111,1.2857142857142858,57,68,9,7,8,0,0,4,1,1,0
308,1.9142857142857144,1.0,30,39,5,7,1,0,0,4,1,1,1
309,2.7,1.3478260869565217,39,48,7,5,5,0,0,4,1,1,0
310,1.0,1.0,1,0,0,0,0,0,1,1,0,0,0
311,2.41025641025641,1.0833333333333333,32,34,3,3,3,0,0,4,0,1,0
312,2.1403508771929824,1.1666666666666667,42,52,6,7,3,0,0,4,0,1,0
313,2.1538461538461537,1.1851851851851851,42,52,6,8,6,0,0,4,1,1,0
314,2.3181818181818183,1.0769230769230769,52,63,7,8,5,0,0,4,0,1,0
315,2.40625,1.0454545454545454,56,72,8,11,4,0,0,4,1,1,0
316,2.865168539325843,1.2264150943396226,81,88,9,9,12,0,0,4,1,1,0
317,2.1710526315789473,1.0975609756097562,58,69,10,9,6,0,0,4,1,1,0
318,2.3,1.2,36,38,3,3,4,0,0,4,0,1,0
319,1.9821428571428572,1.1153846153846154,35,37,3,3,5,0,0,4,0,1,0
320,1.0,1.0,2,1,0,0,0,0,0,2,0,0,0
321,2.5384615384615383,1.1578947368421053,26,27,3,3,3,0,0,4,0,1,0
322,2.2941176470588234,1.2,36,38,3,3,5,0,0,4,0,1,0
323,2.6530612244897958,1.064516129032258,41,50,6,7,4,0,0,4,0,1,0
324,3.314814814814815,1.1714285714285715,53,58,6,6,6,0,0,4,1,1,0
325,2.4603174603174605,1.125,57,74,13,9,5,0,0,4,1,1,0
326,3.3421052631578947,1.2280701754385965,87,107,15,11,10,0,0,4,1,1,1
327,3.1272727272727274,1.131578947368421,57,63,7,7,9,0,0,4,1,1,0
328,1.9791666666666667,1.0833333333333333,30,31,2,2,6,0,0,4,1,1,0
329,2.215686274509804,1.0869565217391304,33,36,4,4,5,0,0,4,1,1,1
330,1.7142857142857142,1.5,3,2,0,0,1,0,0,3,0,0,0
331,1.8529411764705883,1.105263157894737,27,29,3,3,4,0,0,3,0,1,0
332,3.2045454545454546,1.3461538461538463,43,52,7,5,3,0,0,4,1,1,0
333,2.255813953488372,1.1785714285714286,41,50,7,5,5,0,0,4,1,1,0
334,2.3230769230769233,1.1666666666666667,53,63,9,6,6,0,0,4,1,1,0
335,3.0892857142857144,1.5151515151515151,60,70,7,8,6,0,0,4,1,1,0
336,3.0869565217391304,1.2884615384615385,81,86,7,7,10,0,0,4,1,1,0
337,2.8275862068965516,1.186046511627907,65,70,7,7,12,0,0,4,1,1,0
338,1.975609756097561,1.2,30,38,6,5,2,0,0,4,1,1,0
339,1.94,1.0,33,33,2,2,3,0,0,4,0,1,0
340,1.1666666666666667,1.0,2,1,0,0,0,0,0,2,0,0,0
341,1.868421052631579,1.1666666666666667,27,29,3,3,3,0,0,4,0,1,0
342,1.9152542372881356,1.1379310344827587,41,50,6,7,4,0,0,4,0,1,0
343,1.9827586206896552,1.1666666666666667,45,55,6,8,7,0,0,4,1,1,0
344,2.8703703703703702,1.2571428571428571,56,67,7,9,7,0,0,4,1,1,0
345,2.8363636363636364,1.3333333333333333,59,75,12,8,5,0,0,4,1,1,0
346,3.0657894736842106,1.2857142857142858,89,113,13,16,10,0,0,4,1,1,0
347,2.3015873015873014,1.2432432432432432,58,76,11,10,4,0,0,4,1,1,0
348,2.55,1.1304347826086956,30,31,2,2,3,0,0,4,0,1,0
349,1.9565217391304348,1.08,35,44,8,6,3,0,0,4,1,1,1
350,1.0,1.0,2,1,0,0,0,0,0,2,0,0,0
351,1.7959183673469388,1.15,27,34,3,5,4,0,0,4,1,0,0
352,2.9705882352941178,1.1666666666666667,36,45,7,5,4,0,0,3,1,1,0
353,2.188679245283019,1.1,41,44,4,4,6,0,0,4,1,1,0
354,2.1846153846153844,1.05,52,63,7,8,6,0,0,4,1,1,0
355,3.3220338983050848,1.3333333333333333,67,83,11,9,7,0,0,4,1,1,0
356,3.453125,1.3265306122448979,83,97,10,13,8,0,0,4,1,1,1
357,2.8135593220338984,1.1951219512195121,58,67,8,6,9,0,0,4,1,1,0
358,2.710526315789474,1.2083333333333333,35,37,3,3,6,0,0,4,0,1,0
359,2.382978723404255,1.0689655172413792,38,46,7,4,4,0,0,4,1,1,0
360,1.0,1.0,1,0,0,0,0,0,1,1,0,0,0
361,1.5263157894736843,1.1111111111111112,26,28,3,3,5,0,0,4,1,1,0
362,2.4,1.2,36,38,3,3,4,0,0,3,0,1,0
363,2.0,1.0,42,46,6,6,6,0,0,4,0,1,0
364,2.7142857142857144,1.2702702702702702,56,73,8,11,4,0,0,3,1,1,0
365,2.772727272727273,1.375,56,61,6,6,10,0,0,4,0,1,0
366,3.318840579710145,1.2452830188679245,80,92,9,10,12,0,0,4,1,1,0
367,2.807017543859649,1.3333333333333333,64,76,8,9,8,0,0,4,0,1,1
368,2.1,1.0769230769230769,34,38,6,5,5,2,0,4,0,1,0
369,2.0789473684210527,1.1818181818181819,34,37,4,4,4,0,0,4,1,1,0
370,1.5,1.0,2,1,0,0,0,0,0,2,0,0,0
371,1.6923076923076923,1.105263157894737,27,29,3,3,3,0,0,4,1,1,0
372,2.902439024390244,1.1612903225806452,44,47,4,4,6,0,0,4,1,1,0
373,2.574468085106383,1.2142857142857142,41,50,6,7,2,0,0,4,0,1,0
374,2.7735849056603774,1.2727272727272727,52,62,8,7,9,0,0,4,1,1,0
375,2.98,1.40625,57,68,9,7,7,0,0,4,1,1,0
376,3.683333333333333,1.346938775510204,83,102,10,15,10,0,0,4,1,1,0
377,2.8596491228070176,1.236842105263158,59,64,6,6,10,0,0,4,1,1,0
378,2.4390243902439024,1.3333333333333333,30,32,3,3,6,0,0,4,0,1,0
379,2.1666666666666665,1.1363636363636365,33,36,4,4,4,0,0,4,1,1,0
380,1.0,1.0,2,1,0,0,0,0,0,2,0,0,0
381,1.744186046511628,1.1363636363636365,31,33,3,3,3,0,0,3,0,1,0
382,2.1923076923076925,1.09375,43,51,5,7,4,0,0,4,1,1,0
383,3.138888888888889,1.2592592592592593,43,52,8,5,5,0,0,4,1,1,0
384,2.7547169811320753,1.25,50,54,5,5,8,0,0,4,1,1,0
385,2.9310344827586206,1.3142857142857143,58,63,6,6,10,0,0,4,1,1,0
386,3.73972602739726,1.2258064516129032,91,109,13,12,9,0,0,4,1,1,0
387,2.7936507936507935,1.127659574468085,64,80,11,9,6,0,0,4,1,1,0
388,2.0434782608695654,1.1666666666666667,33,42,5,6,2,0,0,4,0,1,0
389,2.388888888888889,1.2272727272727273,34,43,8,6,3,0,0,3,1,1,0
390,1.2,1.0,3,2,0,0,1,0,0,3,0,0,0
391,3.0344827586206895,1.2222222222222223,28,36,4,6,1,0,0,4,1,1,0
392,2.2115384615384617,1.0,36,38,3,3,6,0,0,4,0,1,0
393,2.5454545454545454,1.1333333333333333,44,54,8,6,4,0,0,4,1,1,0
394,2.547169811320755,1.2903225806451613,50,60,8,6,5,0,0,4,1,1,0
395,2.7704918032786887,1.1951219512195121,60,71,7,9,5,0,0,4,1,1,0
396,3.6470588235294117,1.32,80,97,10,13,6,0,0,4,1,1,0
397,3.1904761904761907,1.3076923076923077,63,80,10,10,6,0,0,4,1,1,0
398,1.6818181818181819,1.1428571428571428,32,35,4,4,3,0,0,4,1,1,0
399,2.275,1.1304347826086956,36,40,5,5,5,0,0,4,1,1,0
400,1.2,1.0,2,1,0,0,0,0,0,2,0,0,0
401,2.119047619047619,1.1,28,30,4,4,3,0,0,4,1,1,0
402,1.8909090909090909,1.0333333333333334,37,39,3,3,4,0,0,4,0,1,0
403,2.4642857142857144,1.1,41,44,4,5,9,0,0,4,0,1,0
404,2.5,1.3548387096774193,52,62,8,6,7,0,0,4,1,1,0
405,2.6805555555555554,1.2,68,80,8,10,8,0,0,4,1,1,1
406,3.5714285714285716,1.3214285714285714,90,108,12,13,12,0,0,4,1,1,0
407,2.8870967741935485,1.205128205128205,59,64,6,6,8,0,0,4,0,1,0
408,2.3658536585365852,1.25,33,36,4,4,3,0,0,4,0,1,0
409,2.3137254901960786,1.1923076923076923,39,42,4,4,7,0,0,4,1,1,0
410,1.4,1.0,2,1,0,0,0,0,0,2,0,0,0
411,1.7727272727272727,1.0909090909090908,30,32,3,3,5,0,0,4,0,1,1
412,1.8297872340425532,1.1304347826086956,36,40,5,5,6,0,0,4,1,1,0
413,1.9636363636363636,1.103448275862069,42,45,5,5,5,0,0,4,1,1,0
414,2.3333333333333335,1.15,56,66,6,8,5,0,0,4,1,1,0
415,2.4444444444444446,1.146341463414634,56,65,9,7,9,0,0,4,1,1,0
416,3.6301369863013697,1.3333333333333333,92,113,12,14,9,0,0,4,0,1,0
417,2.467741935483871,1.236842105263158,57,67,7,8,7,0,0,4,0,1,0
418,1.8636363636363635,1.173913043478261,33,35,3,3,5,0,0,4,0,1,0
419,2.0392156862745097,1.1481481481481481,39,42,4,4,6,0,0,4,0,1,0
420,1.0,1.0,2,1,0,0,0,0,0,2,0,0,0
421,1.7428571428571429,1.0526315789473684,26,28,3,3,3,0,0,4,0,1,0
422,3.05,1.4,43,52,6,7,4,0,0,4,0,1,0
423,3.0,1.1724137931034482,42,45,4,4,6,0,0,4,0,1,1
424,2.7636363636363637,1.25,58,64,7,8,9,0,0,4,0,1,0
425,2.440677966101695,1.125,57,68,7,9,7,0,0,4,1,1,0
426,3.2837837837837838,1.2280701754385965,86,99,10,11,10,0,0,4,1,1,0
427,2.5483870967741935,1.3243243243243243,63,69,7,7,8,0,0,4,1,1,1
428,2.1904761904761907,1.0909090909090908,30,32,3,3,4,0,0,4,1,1,0
429,2.3181818181818183,1.3181818181818181,39,43,5,5,7,0,0,4,1,1,0
430,1.0,1.0,2,1,0,0,0,0,0,2,0,0,0
431,2.057142857142857,1.0952380952380953,29,30,3,3,4,0,0,3,0,1,0
432,2.4375,1.2608695652173914,37,40,4,5,6,0,0,4,0,1,0
433,2.3389830508474576,1.0909090909090908,44,53,5,7,5,0,0,4,1,1,0
434,2.7115384615384617,1.2058823529411764,50,58,5,8,6,0,0,4,1,1,0
435,2.870967741935484,1.1219512195121952,57,67,6,9,10,0,0,4,1,1,0
436,3.246376811594203,1.4166666666666667,84,97,10,11,12,0,0,4,1,1,0
437,2.5285714285714285,1.263157894736842,62,74,10,8,9,0,0,4,1,1,0
438,2.019230769230769,1.0357142857142858,35,37,3,3,7,0,0,4,0,1,0
439,2.022222222222222,1.08,33,35,3,3,3,0,0,4,1,1,0
440,1.0,1.0,2,1,0,0,0,0,0,2,0,0,0
441,1.9,1.1,28,30,3,3,4,0,0,4,1,1,0
442,2.2222222222222223,1.16,37,40,4,4,5,0,0,4,1,1,0
443,2.2941176470588234,1.1,41,44,4,4,8,0,0,4,1,1,0
444,2.938775510204082,1.3055555555555556,58,69,10,8,8,0,0,4,1,1,0
445,2.3636363636363638,1.1282051282051282,56,73,9,12,2,0,0,4,1,1,0
446,3.2,1.25,81,95,10,11,10,0,0,4,0,1,0
447,3.1785714285714284,1.2894736842105263,57,72,12,8,8,0,0,4,1,1,0
448,2.5833333333333335,1.1666666666666667,34,36,3,3,5,0,0,4,0,1,0
449,2.2142857142857144,1.125,34,37,4,4,5,0,0,4,0,1,0
450,1.0,1.0,3,2,0,0,1,0,0,3,0,0,0
451,2.1025641025641026,1.0909090909090908,30,32,3,3,4,0,0,4,0,1,0
452,2.125,1.2173913043478262,36,38,4,4,6,0,0,4,0,1,0
453,2.4680851063829787,1.2592592592592593,42,51,5,7,4,0,0,4,1,1,0
454,3.810810810810811,1.25,52,57,6,6,7,0,0,4,1,1,0
455,2.639344262295082,1.1219512195121952,56,66,8,6,8,0,0,4,1,1,0
456,3.235294117647059,1.2307692307692308,80,93,11,9,12,0,0,4,1,1,0
457,2.912280701754386,1.3055555555555556,59,69,9,7,6,0,0,4,1,1,0
458,2.1777777777777776,1.0434782608695652,32,35,4,4,4,0,0,4,1,1,0
459,2.3076923076923075,1.16,35,37,3,3,6,0,0,3,0,1,0
460,1.0,1.0,2,1,0,0,0,0,0,2,0,0,0
461,1.7209302325581395,1.1111111111111112,26,34,6,4,3,0,0,4,1,1,0
462,2.1914893617021276,1.1481481481481481,38,47,5,7,6,0,0,4,1,1,0
463,2.74,1.0277777777777777,47,51,5,5,6,0,0,4,0,1,0
464,3.255813953488372,1.25,50,54,5,5,6,0,0,4,1,1,0
465,3.04,1.125,59,65,7,7,9,0,0,4,1,1,0
466,4.147540983606557,1.38,83,95,9,10,12,0,0,4,1,1,0
467,3.25,1.2307692307692308,60,71,7,9,7,0,0,4,1,1,0
468,2.380952380952381,1.0869565217391304,30,38,5,6,0,0,0,4,0,1,0
469,2.5531914893617023,1.1923076923076923,39,42,4,4,7,0,0,4,0,1,0
470,1.0,1.0,3,2,0,0,1,0,0,3,0,0,0
471,1.825,1.05,27,35,6,4,1,0,0,4,1,0,1
472,2.239130434782609,1.0344827586206897,36,45,8,6,4,0,0,4,1,1,1
473,2.4583333333333335,1.2857142857142858,45,61,9,9,2,0,0,4,1,1,0
474,2.803921568627451,1.2580645161290323,50,54,6,5,10,0,0,4,0,1,0
475,2.8813559322033897,1.1578947368421053,56,61,6,6,10,0,0,4,0,1,0
476,3.4545454545454546,1.2884615384615385,82,101,15,11,10,0,0,4,1,1,0
477,2.830508474576271,1.25,57,62,6,6,9,0,0,4,0,1,0
478,2.3055555555555554,1.1363636363636365,31,33,3,3,6,0,0,4,0,1,0
479,2.1627906976744184,1.125,34,42,7,4,4,0,0,3,1,1,0
480,1.0,1.0,3,2,0,0,1,0,0,3,0,0,0
481,2.176470588235294,1.1,28,36,6,4,3,0,0,4,1,1,0
482,2.48,1.1290322580645162,43,46,4,4,6,0,0,4,0,1,0
483,2.44,1.1724137931034482,43,59,7,11,2,0,0,4,1,1,0
484,2.3793103448275863,1.1388888888888888,51,55,5,5,7,0,0,4,0,1,0
485,2.9655172413793105,1.3076923076923077,65,77,10,8,10,0,0,4,1,1,0
486,3.2253521126760565,1.38,84,100,13,11,8,0,0,4,1,1,0
487,2.5873015873015874,1.2894736842105263,63,75,8,10,6,0,0,4,1,1,0
488,2.024390243902439,1.1428571428571428,30,38,6,4,3,0,0,4,1,1,0
489,2.111111111111111,1.1111111111111112,38,40,4,4,6,0,0,3,1,1,0
490,1.0,1.0,2,1,0,0,0,0,0,2,0,0,0
491,2.25,1.3333333333333333,26,23,1,1,4,0,0,4,0,1,0
492,2.0555555555555554,1.1379310344827587,40,48,7,4,4,0,0,4,1,1,0
493,2.0185185185185186,1.0606060606060606,41,49,5,6,3,0,0,4,0,1,0
494,2.6041666666666665,1.2903225806451613,50,54,5,5,7,0,0,4,1,1,0
495,2.8947368421052633,1.2777777777777777,56,66,6,8,5,0,0,4,1,1,0
496,3.315068493150685,1.2962962962962963,86,99,10,11,9,0,0,4,0,1,0
497,2.966666666666667,1.2105263157894737,60,78,13,9,7,0,0,4,1,1,0
498,1.9272727272727272,1.0769230769230769,36,39,4,4,4,0,0,4,0,1,0
499,2.05,1.2083333333333333,37,40,4,4,6,0,0,4,1,1,0
500,1.25,1.0,3,2,0,0,1,0,0,3,0,0,0
501,2.0526315789473686,1.105263157894737,27,29,3,3,3,0,0,3,1,1,0
502,2.75,1.16,39,43,5,5,6,0,0,4,0,1,0
503,3.0,1.1071428571428572,41,45,5,6,6,0,0,4,1,1,0
504,2.78,1.2,51,67,9,9,5,0,0,4,1,0,0
505,3.0163934426229506,1.175,56,72,10,9,5,0,0,4,1,1,0
506,3.8852459016393444,1.3076923076923077,82,94,9,10,12,0,0,4,0,1,0
507,2.6,1.1162790697674418,58,68,8,6,8,0,0,4,1,1,0
508,1.9787234042553192,1.1818181818181819,30,28,3,3,4,0,0,4,0,1,0
509,2.4473684210526314,1.2857142857142858,33,41,6,4,4,0,0,3,1,1,0
510,1.0,1.0,2,1,0,0,0,0,0,2,0,0,0
511,2.35,1.1904761904761905,29,30,2,2,6,0,0,4,0,1,0
512,2.7045454545454546,1.1111111111111112,36,44,7,5,3,0,0,4,1,0,1
513,2.3962264150943398,1.0909090909090908,46,50,5,5,8,0,0,4,0,1,0
514,2.783333333333333,1.2,54,65,7,9,5,0,0,4,1,1,0
515,2.4782608695652173,1.15,56,66,7,8,7,0,0,4,0,1,0
516,3.3582089552238807,1.434782608695652,80,86,8,10,10,0,0,4,1,1,0
517,3.074074074074074,1.205128205128205,57,67,7,8,5,0,0,4,0,1,0
518,1.8478260869565217,1.0909090909090908,30,32,3,3,3,0,0,3,0,1,0
519,2.2666666666666666,1.0384615384615385,33,41,4,6,4,0,0,4,1,1,0
520,1.2,1.0,2,1,0,0,0,0,0,2,0,0,0
521,2.142857142857143,1.1,26,27,2,2,5,0,0,4,1,1,0
522,2.6341463414634148,1.1428571428571428,40,49,7,5,4,0,0,4,1,1,0
523,2.772727272727273,1.1666666666666667,43,46,5,5,7,0,0,4,1,1,0
524,3.4318181818181817,1.2424242424242424,50,60,8,6,7,0,0,4,1,1,0
525,3.0980392156862746,1.2432432432432432,58,63,6,6,9,0,0,4,0,1,1
526,3.3174603174603177,1.3478260869565217,80,94,12,10,11,0,0,4,1,1,0
527,3.2037037037037037,1.2972972972972974,64,77,9,11,7,0,0,4,1,1,0
528,3.037037037037037,1.4444444444444444,34,43,7,5,3,0,0,3,1,1,0
529,2.4,1.2272727272727273,33,35,3,3,7,0,0,4,0,1,0
530,1.0,1.0,2,1,0,0,0,0,0,2,0,0,0
531,1.7894736842105263,1.1,28,36,6,4,2,0,0,3,1,1,0
532,2.477272727272727,1.2083333333333333,37,40,4,4,6,0,0,4,0,1,0
533,2.8333333333333335,1.2222222222222223,41,50,7,5,4,0,0,4,1,1,1
534,2.625,1.2162162162162162,55,65,7,8,6,0,0,4,0,1,0
535,2.888888888888889,1.2857142857142858,56,72,12,8,3,0,0,4,1,1,0
536,3.6774193548387095,1.2745098039215685,80,92,11,9,9,0,0,4,1,1,1
537,3.0425531914893615,1.2857142857142858,57,68,7,9,7,0,0,4,1,1,0
538,2.1463414634146343,1.0769230769230769,34,34,3,3,5,0,0,4,1,1,0
539,2.857142857142857,1.6111111111111112,37,46,5,7,3,0,0,4,1,1,0
540,1.0,1.0,2,1,0,0,0,0,0,2,0,0,0
541,1.7804878048780488,1.1666666666666667,27,29,3,3,4,0,0,4,0,1,0
542,2.3,1.173913043478261,37,47,8,6,3,0,0,4,1,1,0
543,2.5686274509803924,1.2258064516129032,48,59,7,8,2,0,0,4,0,1,0
544,2.58,1.1111111111111112,50,60,8,6,6,0,0,4,1,1,0
545,3.2244897959183674,1.4666666666666666,57,68,10,8,6,0,0,4,1,1,0
546,3.1029411764705883,1.2884615384615385,83,90,8,8,10,0,0,4,1,1,0
547,3.0392156862745097,1.3157894736842106,60,71,7,8,8,0,0,4,0,1,0
548,2.477272727272727,1.2608695652173914,35,43,5,6,2,0,0,4,0,1,0
549,1.9285714285714286,1.0714285714285714,38,41,4,4,6,0,0,4,0,1,0
550,1.0,1.0,3,1,0,0,0,0,1,2,0,0,0
551,1.6170212765957446,1.0,26,28,3,3,4,0,0,4,1,1,0
552,2.66,1.09375,43,58,6,10,3,0,0,4,1,0,0
553,2.7333333333333334,1.103448275862069,42,46,5,5,6,0,0,4,1,1,0
554,2.5483870967741935,1.1578947368421053,50,47,3,3,9,0,0,4,0,1,0
555,3.875,1.3243243243243243,59,69,7,8,8,0,0,4,0,1,0
556,3.774193548387097,1.3673469387755102,82,100,14,9,12,0,0,4,1,1,0
557,2.914285714285714,1.1777777777777778,65,76,8,9,6,0,0,4,0,1,0
558,1.9130434782608696,1.08,33,35,3,3,7,0,0,4,0,1,0
559,2.311111111111111,1.0,34,37,4,4,5,0,0,4,1,1,0
560,1.1,1.0,2,1,0,0,0,0,0,2,0,0,0
561,1.9130434782608696,1.1428571428571428,30,38,6,4,2,0,0,3,1,1,0
562,2.0172413793103448,1.064516129032258,41,50,6,7,2,0,0,4,0,1,0
563,2.232142857142857,1.064516129032258,41,44,5,5,5,0,0,4,0,1,0
564,2.388059701492537,1.048780487804878,51,53,4,4,8,0,0,4,0,1,0
565,3.1,1.2941176470588236,56,61,6,6,7,0,0,4,1,1,0
566,3.757142857142857,1.263157894736842,85,94,10,8,10,0,0,4,1,1,0
567,3.433333333333333,1.2325581395348837,65,76,8,9,9,0,0,4,0,1,0
568,2.2448979591836733,1.2083333333333333,35,44,5,6,1,0,0,4,0,1,0
569,1.8653846153846154,1.0357142857142858,36,44,4,7,4,0,0,4,1,1,0
570,1.1428571428571428,1.0,3,2,0,0,1,0,0,3,0,0,0
571,2.0625,1.0,26,34,5,6,1,0,0,4,1,1,0
572,2.3125,1.1428571428571428,39,47,7,5,4,0,0,4,1,1,0
573,2.392156862745098,1.1379310344827587,41,43,4,4,6,0,0,4,1,1,0
574,2.46,1.4137931034482758,51,53,5,6,8,0,0,4,1,1,1
575,3.0925925925925926,1.393939393939394,57,73,13,9,5,0,0,4,1,1,0
576,3.288135593220339,1.26,81,95,10,12,12,0,0,4,1,1,0
577,2.888888888888889,1.2142857142857142,64,75,7,10,8,0,0,4,1,1,0
578,2.1904761904761907,1.1818181818181819,30,29,3,3,4,0,0,4,0,1,0
579,2.5,1.375,39,53,7,8,1,0,0,4,1,0,0
580,1.0,1.0,2,1,0,0,0,0,0,2,0,0,0
581,1.8157894736842106,1.05,27,35,6,4,2,0,0,3,1,1,0
582,2.5128205128205128,1.1481481481481481,39,42,4,4,5,0,0,4,0,1,0
583,2.169811320754717,1.1428571428571428,41,51,9,7,4,0,0,4,1,1,0
584,2.5961538461538463,1.3548387096774193,51,61,6,8,6,0,0,4,1,1,0
585,2.1875,1.1891891891891893,58,71,9,10,5,0,0,4,1,1,1
586,2.780821917808219,1.3617021276595744,80,87,8,8,14,0,0,4,0,1,0
587,3.347826086956522,1.3142857142857143,58,63,6,6,10,0,0,4,1,1,0
588,1.8974358974358974,1.1363636363636365,33,36,4,4,6,0,0,4,1,1,0
589,2.0930232558139537,1.0769230769230769,34,36,4,4,6,0,0,4,0,1,0
590,1.0,1.0,1,0,0,0,0,0,1,1,0,0,0
591,2.025,1.0476190476190477,26,27,2,2,3,0,0,4,0,1,0
592,3.0606060606060606,1.4,36,39,5,6,5,0,0,4,0,1,0
593,2.017543859649123,1.2,44,46,4,4,6,0,0,4,1,1,0
594,2.7704918032786887,1.225,60,77,8,12,9,0,0,4,1,1,0
595,2.3142857142857145,1.1578947368421053,56,68,8,9,6,0,0,4,1,1,0
596,3.5,1.4166666666666667,86,100,12,10,11,0,0,4,1,1,0
597,3.1333333333333333,1.3,66,78,11,9,8,0,0,4,1,1,0
598,2.27027027027027,1.1904761904761905,31,33,3,3,5,0,0,4,0,1,0
599,2.0217391304347827,1.08,33,35,3,3,6,0,0,4,1,1,1
600,1.0,1.0,2,1,0,0,0,0,0,2,0,0,0
601,2.1666666666666665,1.0454545454545454,29,31,3,3,4,0,0,4,1,1,0
602,2.128205128205128,1.16,37,40,4,4,5,0,0,4,0,1,0
603,2.7884615384615383,1.3333333333333333,49,65,9,9,3,0,0,4,1,1,0
604,2.5660377358490565,1.2424242424242424,51,61,8,6,7,0,0,4,1,1,1
605,2.5,1.1666666666666667,56,62,7,7,10,0,0,4,1,1,0
606,3.6507936507936507,1.4444444444444444,83,104,14,13,8,0,0,4,1,1,0
607,3.1481481481481484,1.236842105263158,58,69,9,7,9,0,0,4,1,1,0
608,1.9782608695652173,1.1428571428571428,30,38,6,4,2,0,0,4,1,1,0
609,2.282608695652174,1.0689655172413792,39,42,4,4,6,0,0,4,0,1,0
610,1.0,1.0,2,1,0,0,0,0,0,2,0,0,0
611,1.8085106382978724,1.1,28,30,3,3,3,0,0,4,0,1,1
612,2.1702127659574466,1.2173913043478262,36,39,4,4,6,0,0,4,0,1,0
613,2.358490566037736,1.2142857142857142,42,45,4,5,7,0,0,4,0,1,0
614,2.5689655172413794,1.2424242424242424,50,60,8,6,7,0,0,4,1,1,0
615,2.523076923076923,1.2162162162162162,57,62,6,6,10,0,0,4,0,1,0
616,3.2432432432432434,1.38,84,96,12,10,11,0,0,4,1,1,0
617,3.328125,1.255813953488372,65,82,9,12,8,0,0,4,1,1,1
618,2.122448979591837,1.2,30,32,3,4,5,0,0,4,1,1,0
619,2.5849056603773586,1.1538461538461537,36,38,3,3,7,0,0,4,1,1,0
620,1.0,1.0,2,1,0,0,0,0,0,2,0,0,0
621,2.0277777777777777,1.263157894736842,29,37,6,4,3,0,0,4,1,1,0
622,2.217391304347826,1.2307692307692308,42,46,5,5,6,0,0,4,0,1,0
623,2.314814814814815,1.2333333333333334,44,53,6,7,4,0,0,4,0,1,0
624,1.9558823529411764,1.0512820512820513,51,67,8,11,2,0,0,4,1,1,0
625,2.933333333333333,1.2727272727272727,56,62,7,7,10,0,0,4,0,1,1
626,3.757142857142857,1.4313725490196079,88,106,14,10,10,0,0,4,1,1,0
627,3.1320754716981134,1.2820512820512822,59,74,9,8,5,0,0,4,1,1,0
628,2.0,1.0416666666666667,31,33,4,4,6,0,0,4,0,1,0
629,2.263157894736842,1.08,34,43,5,7,3,0,0,4,1,1,0
630,1.2,1.0,2,1,0,0,0,0,0,2,0,0,0
631,1.8717948717948718,1.05,27,29,3,3,3,0,0,4,0,1,0
632,1.9166666666666667,1.037037037037037,36,39,4,4,6,0,0,3,0,1,0
633,2.5,1.2142857142857142,42,45,4,4,8,0,0,4,0,1,1
634,2.4464285714285716,1.1578947368421053,56,61,6,6,8,0,0,4,1,1,0
635,3.4,1.2564102564102564,61,78,10,10,8,0,0,4,1,1,0
636,3.6,1.5348837209302326,80,81,7,7,12,0,0,4,1,1,0
637,3.6744186046511627,1.2857142857142858,57,62,7,8,9,0,0,4,1,1,0
638,2.090909090909091,1.1818181818181819,32,34,4,4,4,0,0,4,0,1,0
639,2.3823529411764706,1.1666666666666667,34,36,3,3,5,0,0,4,0,1,0
640,1.0,1.0,1,0,0,0,0,0,1,1,0,0,0
641,1.7906976744186047,1.0909090909090908,30,38,4,6,2,0,0,4,1,1,0
642,2.3653846153846154,1.1666666666666667,36,39,4,4,5,0,0,4,0,1,0
643,2.326530612244898,1.1935483870967742,45,47,4,4,6,0,0,4,1,1,0
644,2.473684210526316,1.2352941176470589,50,59,7,5,5,0,0,4,1,1,0
645,2.245614035087719,1.2162162162162162,59,71,10,8,8,0,0,4,1,1,1
646,3.026315789473684,1.2037037037037037,85,106,12,16,8,0,0,4,1,1,1
647,2.91044776119403,1.1041666666666667,65,82,10,10,6,0,0,4,1,1,0
648,2.255813953488372,1.12,34,36,3,3,5,0,0,4,0,1,0
649,2.4545454545454546,1.2,38,41,4,4,5,0,0,4,1,1,0
650,1.0,1.0,2,1,0,0,0,0,0,2,0,0,0
651,2.189189189189189,1.05,26,33,6,4,3,0,0,4,1,1,0
652,2.272727272727273,1.0588235294117647,42,51,5,6,5,0,0,4,0,1,0
653,2.103448275862069,1.1612903225806452,46,62,7,11,3,0,0,4,1,1,0
654,1.9841269841269842,1.2121212121212122,50,54,5,6,6,0,0,4,0,1,0
655,2.9285714285714284,1.303030303030303,57,63,8,8,8,0,0,4,1,1,0
656,3.140625,1.3777777777777778,81,98,12,12,8,0,0,4,1,1,0
657,3.5925925925925926,1.3095238095238095,66,83,12,8,9,0,0,4,1,1,0
658,1.9821428571428572,1.037037037037037,32,33,2,3,4,0,0,4,0,1,0
659,2.2972972972972974,1.35,33,41,7,5,3,0,0,4,1,1,0
660,1.1666666666666667,1.0,3,2,0,0,1,0,0,3,0,0,0
661,2.46875,1.2222222222222223,26,33,5,3,4,0,0,4,1,0,0
662,1.9423076923076923,1.1,40,50,6,7,2,0,0,4,0,1,0
663,2.0517241379310347,1.1142857142857143,49,53,6,7,7,0,0,4,0,1,0
664,2.607142857142857,1.2424242424242424,51,62,7,8,6,0,0,4,1,1,0
665,2.619718309859155,1.1555555555555554,64,76,8,9,8,0,0,4,0,1,0
666,4.322033898305085,1.3877551020408163,81,98,9,13,8,0,0,4,1,1,0
667,2.621212121212121,1.1333333333333333,61,62,6,6,9,0,0,4,0,1,0
668,1.9285714285714286,1.0869565217391304,31,33,4,4,5,0,0,4,0,1,0
669,2.1041666666666665,1.0769230769230769,36,39,4,4,5,0,0,4,0,1,0
670,1.2857142857142858,1.0,2,1,0,0,0,0,0,2,0,0,0
671,1.925,1.0434782608695652,28,29,2,2,4,0,0,4,0,1,0
672,2.3043478260869565,1.1481481481481481,37,39,3,3,5,0,0,4,0,1,0
673,2.658536585365854,1.1481481481481481,41,45,5,5,5,0,0,4,0,1,0
674,3.1818181818181817,1.2727272727272727,54,65,9,7,7,0,0,4,1,1,0
675,3.0925925925925926,1.25,59,65,7,7,9,0,0,4,1,1,0
676,3.3194444444444446,1.26,81,88,9,10,11,0,0,4,1,1,0
677,3.05,1.2093023255813953,66,72,7,7,10,0,0,4,1,1,0
678,2.0952380952380953,1.04,30,31,2,2,5,0,0,4,0,1,0
679,2.4473684210526314,1.1304347826086956,34,37,4,4,4,0,0,4,0,1,0
680,1.0,1.0,2,1,0,0,0,0,0,2,0,0,0
681,2.2,1.1764705882352942,26,28,3,3,4,0,0,4,0,1,0
682,2.1346153846153846,1.1428571428571428,42,52,9,7,2,0,0,4,1,1,0
683,2.7,1.2758620689655173,44,58,8,8,4,0,0,4,1,0,0
684,3.7209302325581395,1.3636363636363635,56,66,6,9,7,0,0,4,1,1,0
685,3.7254901960784315,1.3783783783783783,62,78,7,12,8,0,0,4,1,1,0
686,3.830769230769231,1.2962962962962963,85,112,15,15,5,0,0,4,1,1,0
687,3.358490566037736,1.368421052631579,62,73,9,7,9,0,0,4,1,1,0
688,1.8679245283018868,1.0833333333333333,30,31,3,3,3,0,0,4,0,1,0
689,1.8780487804878048,1.0,33,36,5,5,4,0,0,4,0,1,0
690,1.8,1.0,2,1,0,0,0,0,0,2,0,0,0
691,2.4571428571428573,1.25,26,28,3,3,5,0,0,3,1,1,0
692,2.18,1.0909090909090908,42,42,3,3,6,0,0,4,0,1,0
693,2.56,1.1290322580645162,43,46,4,4,6,0,0,4,0,1,0
694,2.7241379310344827,1.1794871794871795,56,59,5,5,10,0,0,4,0,1,0
695,2.689655172413793,1.2222222222222223,56,61,7,7,10,0,0,4,0,1,0
696,3.8793103448275863,1.3617021276595744,80,100,13,12,8,0,0,4,1,1,0
697,3.235294117647059,1.1842105263157894,57,67,7,9,8,0,0,4,1,1,1
698,2.2285714285714286,1.0,30,32,3,3,6,0,0,4,0,1,0
699,2.1020408163265305,1.0714285714285714,38,41,4,4,5,0,0,4,1,1,0
700,1.125,1.0,3,1,0,0,0,0,1,2,0,0,0
701,2.116279069767442,1.35,32,40,6,4,4,0,0,4,1,1,0
702,1.8823529411764706,1.1111111111111112,38,41,4,5,4,0,0,4,0,1,0
703,2.4375,1.1724137931034482,43,46,5,4,7,0,0,4,1,1,0
704,2.5090909090909093,1.1764705882352942,50,54,5,5,8,0,0,4,0,1,0
705,2.5671641791044775,1.1818181818181819,64,69,6,6,8,0,0,4,0,1,0
706,3.1621621621621623,1.25,83,91,9,9,15,0,0,4,1,1,0
707,3.0923076923076924,1.275,63,74,8,10,8,0,0,4,1,1,0
708,2.341463414634146,1.1363636363636365,31,33,3,3,5,0,0,4,0,1,0
709,1.9019607843137254,1.0740740740740742,37,40,4,4,4,0,0,4,0,1,0
710,1.4,1.0,2,1,0,0,0,0,0,2,0,0,0
711,2.611111111111111,1.1818181818181819,32,34,3,3,5,0,0,4,0,1,0
712,2.0,1.1333333333333333,42,45,5,5,5,0,0,4,1,1,0
713,2.74,1.21875,49,53,5,5,7,0,0,4,1,1,0
714,3.239130434782609,1.3225806451612903,51,61,8,6,4,0,0,4,1,1,0
715,2.0579710144927534,1.205128205128205,57,67,6,8,7,0,0,4,1,1,0
716,4.101694915254237,1.34,83,96,11,9,12,0,0,4,1,1,0
717,2.913793103448276,1.394736842105263,65,76,8,9,9,0,0,4,0,1,0
718,2.59375,1.263157894736842,30,32,3,3,4,0,0,4,0,1,0
719,2.119047619047619,1.3043478260869565,36,45,5,6,4,0,0,4,0,1,0
720,1.25,1.0,3,2,0,0,1,0,0,3,0,0,0
721,1.6764705882352942,1.0526315789473684,26,28,4,4,2,0,0,4,0,1,0
722,2.2972972972972974,1.25,40,50,8,6,4,0,0,4,1,1,0
723,2.5,1.09375,45,55,6,8,3,0,0,4,1,1,0
724,2.1724137931034484,1.1025641025641026,51,57,7,5,5,0,0,4,1,1,0
725,3.207547169811321,1.1904761904761905,64,76,9,11,7,0,0,4,1,1,0
726,3.3666666666666667,1.425531914893617,83,97,10,11,10,0,0,4,1,1,0
727,2.673076923076923,1.2857142857142858,57,74,8,12,6,0,0,4,1,1,0
728,2.085714285714286,1.0,30,31,3,3,3,0,0,4,0,1,0
729,2.2325581395348837,1.0714285714285714,38,47,5,7,4,0,0,4,1,1,1
730,1.6,1.0,2,1,0,0,0,0,0,2,0,0,0
731,1.9090909090909092,1.1904761904761905,31,40,7,5,3,0,0,4,1,1,0
732,1.9615384615384615,1.0740740740740742,37,40,4,5,6,0,0,4,0,1,0
733,3.0,1.1379310344827587,42,45,5,4,4,0,0,4,1,1,0
734,2.3518518518518516,1.1714285714285715,51,55,5,5,7,0,0,4,1,1,0
735,2.4745762711864407,1.125,57,61,6,6,9,0,0,4,0,1,0
736,2.7945205479452055,1.2549019607843137,82,96,11,12,12,0,0,4,1,1,0
737,3.6862745098039214,1.225,61,78,10,10,5,0,0,4,1,1,0
738,2.227272727272727,1.1304347826086956,32,34,3,3,5,0,0,4,0,1,0
739,2.3902439024390243,1.04,34,37,5,5,3,0,0,4,0,1,0
740,1.0,1.0,2,1,0,0,0,0,0,2,0,0,0
741,1.8181818181818181,1.1666666666666667,27,29,3,3,4,0,0,3,1,1,0
742,2.3513513513513513,1.1666666666666667,36,39,4,4,6,0,0,3,0,1,0
743,2.5434782608695654,1.24,41,45,5,5,6,0,0,4,0,1,1
744,3.0681818181818183,1.1388888888888888,51,62,7,8,5,0,0,4,0,1,0
745,2.6315789473684212,1.3055555555555556,56,66,9,7,8,0,0,4,1,1,0
746,2.7471264367816093,1.2333333333333334,91,117,13,18,5,0,0,4,1,1,0
747,3.0,1.2,58,68,8,6,7,0,0,4,1,1,0
748,1.9565217391304348,1.0909090909090908,30,32,3,3,6,0,0,4,1,1,0
749,1.9111111111111112,1.0833333333333333,33,35,4,3,8,0,0,4,1,1,0
750,1.1666666666666667,1.0,2,1,0,0,0,0,0,2,0,0,0
751,2.0232558139534884,1.0909090909090908,30,31,3,5,4,0,0,4,1,1,0
752,2.391304347826087,1.2222222222222223,41,44,4,4,4,0,0,4,0,1,0
753,2.2830188679245285,1.206896551724138,45,49,6,6,6,0,0,4,0,1,0
754,2.877551020408163,1.3928571428571428,51,62,10,9,5,0,0,4,1,1,0
755,3.240740740740741,1.225,63,74,8,10,6,0,0,4,1,1,0
756,3.463768115942029,1.3958333333333333,86,106,16,14,7,0,0,4,1,1,0
757,3.056603773584906,1.2777777777777777,57,68,7,9,6,0,0,4,1,1,0
758,2.1956521739130435,1.1363636363636365,31,33,3,3,5,0,0,4,0,1,0
759,1.875,1.2083333333333333,35,34,3,3,6,0,0,4,1,1,0
760,1.5,1.0,1,0,0,0,0,0,1,1,0,0,0
761,3.0434782608695654,1.3333333333333333,30,32,3,3,6,0,0,4,0,1,0
762,2.4347826086956523,1.24,38,46,4,7,5,0,0,4,1,1,0
763,2.3333333333333335,1.1379310344827587,41,44,5,5,7,0,0,4,1,1,1
764,2.826923076923077,1.3235294117647058,59,77,13,9,4,0,0,4,1,1,1
765,2.316666666666667,1.131578947368421,56,62,7,7,7,0,0,4,1,1,0
766,2.95,1.36,83,101,10,14,10,0,0,4,1,1,0
767,2.56,1.14,69,81,9,10,8,0,0,4,0,1,0
768,2.757575757575758,1.2,30,32,3,3,4,0,0,4,0,1,0
769,2.3157894736842106,1.2083333333333333,37,52,8,8,1,0,0,4,1,0,0
770,1.1,1.0,2,1,0,0,0,0,0,2,0,0,0
771,2.225,1.1428571428571428,30,32,4,3,4,0,0,4,0,1,0
772,2.5306122448979593,1.1851851851851851,38,40,3,3,5,0,0,4,0,1,0
773,2.78,1.2962962962962963,45,55,6,8,4,0,0,4,1,1,0
774,2.4545454545454546,1.1818181818181819,51,56,6,6,8,0,0,4,1,1,1
775,3.087719298245614,1.2857142857142858,56,66,10,8,7,0,0,4,1,1,0
776,3.75,1.2641509433962264,83,96,9,12,11,0,0,4,1,1,0
777,2.9615384615384617,1.263157894736842,58,68,7,8,4,0,0,4,1,1,0
778,2.2439024390243905,1.1363636363636365,31,39,6,4,5,0,0,4,1,1,0
779,1.9591836734693877,1.0740740740740742,37,40,4,4,4,0,0,4,1,1,0
780,1.0,1.0,1,0,0,0,0,0,1,1,0,0,0
781,1.8095238095238095,1.0,28,31,4,4,3,0,0,4,1,1,0
782,1.9787234042553192,1.1724137931034482,44,54,8,6,6,0,0,4,1,1,0
783,2.6875,1.2758620689655173,45,48,4,4,6,0,0,4,1,1,0
784,2.2,1.1538461538461537,55,59,5,6,9,0,0,4,1,1,0
785,2.586206896551724,1.2432432432432432,57,67,9,7,9,0,0,4,1,1,0
786,3.7142857142857144,1.4042553191489362,82,102,13,12,9,0,0,4,1,1,0
787,2.4262295081967213,1.3636363636363635,57,62,6,6,8,0,0,4,0,1,0
788,2.2439024390243905,1.0909090909090908,30,32,3,3,5,0,0,4,0,1,0
789,2.175,1.12,34,36,3,3,6,0,0,3,0,1,0
790,1.1428571428571428,1.0,2,1,0,0,0,0,0,2,0,0,0
791,1.9111111111111112,1.0476190476190477,28,30,4,4,5,0,0,3,0,1,0
792,2.5319148936170213,1.1481481481481481,39,42,4,4,5,0,0,4,0,1,0
793,3.0,1.25,49,58,5,8,6,0,0,4,1,1,0
794,2.5,1.2,50,59,6,7,6,0,0,4,0,1,0
795,3.1,1.170731707317073,56,65,6,7,8,0,0,4,0,1,0
796,3.918032786885246,1.309090909090909,86,97,11,8,10,0,0,4,1,1,0
797,2.579710144927536,1.1951219512195121,57,57,4,4,8,0,0,4,0,1,0
798,2.4565217391304346,1.0833333333333333,32,34,3,3,4,0,0,4,0,1,0
799,2.4358974358974357,1.0689655172413792,38,47,7,5,3,0,0,4,1,1,0
800,2.0,1.0,3,2,0,0,1,0,0,3,0,0,0
801,2.129032258064516,1.05,27,29,3,3,3,0,0,4,1,1,0
802,2.574468085106383,1.1071428571428572,37,46,5,6,3,0,0,4,0,1,0
803,3.066666666666667,1.1515151515151516,47,57,6,8,4,0,0,4,1,1,0
804,2.5245901639344264,1.15,56,66,7,8,7,0,0,4,0,1,0
805,2.6610169491525424,1.2,60,65,6,7,8,0,0,4,0,1,0
806,3.6,1.2222222222222223,93,105,10,11,11,0,0,4,1,1,1
807,3.369565217391304,1.3636363636363635,57,68,7,9,7,0,0,4,1,1,0
808,2.024390243902439,1.1818181818181819,32,40,4,6,3,0,0,4,1,0,0
809,2.484848484848485,1.1666666666666667,36,39,4,4,4,0,0,4,1,1,0
810,1.6,1.0,2,1,0,0,0,0,0,2,0,0,0
811,2.40625,1.3333333333333333,26,30,2,5,3,0,0,4,1,0,0
812,2.5714285714285716,1.0689655172413792,39,48,6,7,2,0,0,4,1,1,0
813,2.6904761904761907,1.096774193548387,42,45,4,4,6,0,0,4,1,1,0
814,2.836734693877551,1.1764705882352942,50,54,5,5,8,0,0,4,0,1,0
815,2.7777777777777777,1.205128205128205,59,70,9,7,6,0,0,4,1,1,0
816,3.452054794520548,1.4166666666666667,83,94,8,11,12,0,0,4,1,1,0
817,2.5535714285714284,1.205128205128205,63,76,9,11,7,0,0,4,1,1,0
818,2.0606060606060606,1.263157894736842,30,32,3,3,4,0,0,4,1,1,0
819,2.1914893617021276,1.125,33,35,3,3,6,0,0,4,0,1,0
820,1.5,1.0,2,1,0,0,0,0,0,2,0,0,0
821,2.272727272727273,1.375,28,36,4,6,2,0,0,3,1,0,0
822,2.3703703703703702,1.1785714285714286,41,50,7,5,5,0,0,3,1,1,0
823,2.697674418604651,1.2758620689655173,47,51,5,5,6,0,0,4,1,1,0
824,2.5576923076923075,1.1428571428571428,50,60,7,8,5,0,0,4,1,1,0
825,2.719298245614035,1.125,57,62,6,6,8,0,0,4,0,1,1
826,3.5081967213114753,1.320754716981132,85,97,8,11,11,0,0,4,1,1,0
827,2.712121212121212,1.0930232558139534,59,70,9,7,8,0,0,4,1,1,0
828,1.7872340425531914,1.04,34,37,4,4,5,0,0,4,1,1,0
829,2.16,1.0740740740740742,34,41,3,6,5,0,0,4,1,1,0
830,1.0,1.0,2,1,0,0,0,0,0,2,0,0,0
831,1.853658536585366,1.105263157894737,27,29,3,3,5,0,0,4,0,1,1
832,2.28,1.1071428571428572,39,48,8,6,3,0,0,4,1,1,0
833,1.962962962962963,1.206896551724138,43,42,4,4,5,0,0,4,0,1,0
834,2.2580645161290325,1.1428571428571428,50,53,6,6,5,0,0,4,0,1,0
835,2.403225806451613,1.1794871794871795,58,69,9,7,8,0,0,4,1,1,0
836,3.4054054054054053,1.3,85,100,14,13,12,0,0,4,1,1,0
837,2.76271186440678,1.2105263157894737,58,63,6,6,9,0,0,4,1,1,0
838,1.8846153846153846,1.0869565217391304,33,42,6,8,2,0,0,4,1,1,0
839,1.92,1.1153846153846154,33,34,2,2,6,0,0,4,0,1,0
840,1.0,1.0,3,2,0,0,1,0,0,3,0,0,0
841,1.934782608695652,1.0869565217391304,31,33,4,4,5,0,0,4,0,1,0
842,2.0869565217391304,1.0769230769230769,36,39,4,4,5,0,0,4,0,1,0
843,2.5217391304347827,1.28,42,52,8,6,3,0,0,4,1,1,0
844,2.396551724137931,1.1428571428571428,50,60,6,8,7,0,0,4,1,1,0
845,3.0,1.3333333333333333,58,68,7,8,6,0,0,4,0,1,0
846,3.289473684210526,1.391304347826087,81,96,11,12,9,0,0,4,1,1,0
847,3.3333333333333335,1.2702702702702702,57,79,15,9,5,0,0,4,1,0,0
848,2.28,1.1111111111111112,35,42,3,6,3,0,0,3,1,1,0
849,2.380952380952381,1.3333333333333333,35,44,8,6,2,0,0,3,1,1,0
850,1.2,1.0,2,1,0,0,0,0,0,2,0,0,0
851,2.090909090909091,1.0952380952380953,27,28,2,2,3,0,0,4,0,1,1
852,2.2203389830508473,1.1379310344827587,41,44,4,4,7,0,0,4,1,1,0
853,2.2545454545454544,1.2692307692307692,41,44,4,4,5,0,0,4,1,1,0
854,2.509433962264151,1.1875,50,61,7,9,8,0,0,4,1,1,0
855,2.857142857142857,1.236842105263158,56,71,8,10,8,0,0,4,1,1,0
856,3.426470588235294,1.3265306122448979,80,92,11,9,12,0,0,4,1,1,0
857,2.8852459016393444,1.3421052631578947,65,83,9,13,7,0,0,4,1,0,0
858,2.1714285714285713,1.1578947368421053,30,33,4,6,4,0,0,3,0,1,0
859,2.183673469387755,1.0357142857142858,34,42,5,6,2,0,0,4,0,1,0
860,1.1428571428571428,1.0,3,1,0,0,0,0,1,2,0,0,0
861,1.6730769230769231,1.0,30,38,4,6,2,0,0,4,1,1,0
862,2.259259259259259,1.1290322580645162,43,53,6,7,3,0,0,4,0,1,0
863,2.5918367346938775,1.2258064516129032,48,58,6,8,5,0,0,4,1,1,0
864,2.34375,1.125,55,59,5,6,9,0,0,4,0,1,0
865,2.492063492063492,1.3157894736842106,62,79,13,9,7,0,0,4,1,1,0
866,3.5,1.3,81,106,15,13,7,0,0,4,1,1,0
867,2.6607142857142856,1.3235294117647058,57,62,7,7,10,0,0,4,0,1,0
868,1.5952380952380953,1.0454545454545454,31,34,4,4,3,0,0,4,1,1,0
869,2.2564102564102564,1.1304347826086956,34,37,4,5,4,0,0,4,1,1,0
870,1.3333333333333333,1.0,1,0,0,0,0,0,1,1,0,0,0
871,2.525,1.0909090909090908,28,29,2,2,3,0,0,4,0,1,0
872,2.7435897435897436,1.1111111111111112,38,47,7,5,4,0,0,4,1,1,0
873,2.227272727272727,1.3846153846153846,46,50,5,5,5,0,0,4,1,1,0
874,2.125,1.2424242424242424,51,61,8,6,5,0,0,4,1,1,0
875,2.634920634920635,1.119047619047619,59,70,8,9,7,0,0,4,0,1,0
876,4.131147540983607,1.375,82,95,11,9,12,0,0,4,1,1,0
877,3.830188679245283,1.358974358974359,65,76,7,9,9,0,0,4,1,1,0
878,2.358490566037736,1.25,36,44,5,6,3,0,0,4,0,1,0
879,2.0416666666666665,1.12,36,39,4,4,6,0,0,4,0,1,0
880,1.0,1.0,2,1,0,0,0,0,0,2,0,0,0
881,1.9787234042553192,1.2,32,35,5,5,3,0,0,4,0,1,0
882,1.8478260869565217,1.2,37,46,8,6,4,0,0,4,1,1,0
883,2.142857142857143,1.1,41,44,4,4,7,0,0,4,1,1,0
884,2.892857142857143,1.3333333333333333,51,62,7,9,5,0,0,4,1,1,0
885,2.6,1.170731707317073,62,81,12,11,4,0,0,4,1,1,0
886,3.6964285714285716,1.4285714285714286,80,89,10,10,10,0,0,4,1,1,1
887,2.492957746478873,1.2307692307692308,60,71,7,9,8,0,0,4,1,1,0
888,2.4318181818181817,1.1666666666666667,34,42,4,6,3,0,0,4,1,1,0
889,2.5681818181818183,1.2857142857142858,33,41,6,4,3,0,0,4,1,0,0
890,1.0,1.0,2,1,0,0,0,0,0,2,0,0,0
891,2.6153846153846154,1.125,31,32,2,2,6,0,0,4,0,1,0
892,2.4130434782608696,1.0689655172413792,37,39,3,3,5,0,0,4,0,1,0
893,2.6666666666666665,1.064516129032258,41,44,4,4,7,0,0,4,1,1,0
894,2.389830508474576,1.1176470588235294,50,55,6,6,7,0,0,4,1,1,0
895,3.1641791044776117,1.1224489795918366,68,85,10,11,11,0,0,4,1,1,0
896,3.191780821917808,1.2549019607843137,80,91,11,9,13,0,0,4,1,1,0
897,2.357142857142857,1.0930232558139534,57,67,7,8,7,0,0,4,0,1,0
898,2.0,1.0869565217391304,30,32,3,3,4,0,0,4,0,1,0
899,1.9318181818181819,1.0416666666666667,33,36,4,5,5,0,0,4,0,1,0
900,1.5,1.0,2,1,0,0,0,0,0,2,0,0,0
901,1.975,1.0869565217391304,29,30,2,2,5,0,0,3,0,1,0
902,2.574468085106383,1.1290322580645162,43,53,6,7,4,0,0,4,0,1,0
903,2.0943396226415096,1.1379310344827587,41,50,6,7,3,0,0,4,1,1,0
904,2.542372881355932,1.1666666666666667,50,53,4,4,8,0,0,4,0,1,0
905,3.0307692307692307,1.2045454545454546,67,85,15,10,7,0,0,4,1,1,0
906,3.6666666666666665,1.4186046511627908,81,102,12,16,8,0,0,4,1,1,1
907,2.8484848484848486,1.2,62,74,8,11,7,0,0,4,1,1,1
908,2.4878048780487805,1.2,30,32,3,3,5,0,0,4,0,1,0
909,2.2045454545454546,1.0416666666666667,33,36,4,4,4,0,0,4,0,1,0
910,1.25,1.0,2,1,0,0,0,0,0,2,0,0,0
911,1.829268292682927,1.0,26,27,2,2,5,0,0,4,0,1,0
912,1.75,1.2083333333333333,37,40,4,4,5,0,0,4,0,1,0
913,2.306122448979592,1.2413793103448276,44,53,6,7,2,0,0,4,0,1,0
914,2.6595744680851063,1.1818181818181819,51,61,9,7,5,0,0,4,1,1,0
915,3.1346153846153846,1.1219512195121952,56,57,5,5,8,0,0,4,0,1,0
916,2.863013698630137,1.4222222222222223,82,102,15,13,8,0,0,4,1,1,0
917,2.8181818181818183,1.3055555555555556,57,68,7,8,8,0,0,4,0,1,0
918,1.9333333333333333,1.1304347826086956,31,39,4,6,4,0,0,4,1,1,0
919,2.0681818181818183,1.2608695652173914,37,46,7,5,3,0,0,4,1,1,0
920,1.125,1.0,2,1,0,0,0,0,0,2,0,0,0
921,1.837837837837838,1.0,26,28,3,3,3,0,0,3,1,1,0
922,2.183673469387755,1.1851851851851851,40,49,7,6,5,0,0,4,1,1,0
923,2.267857142857143,1.1379310344827587,41,50,5,7,4,0,0,4,1,1,0
924,2.888888888888889,1.1470588235294117,51,68,12,8,2,0,0,4,1,1,0
925,2.8727272727272726,1.1794871794871795,56,60,5,5,7,0,0,4,1,1,0
926,3.2432432432432434,1.2641509433962264,83,103,12,14,6,0,0,4,0,1,0
927,2.8636363636363638,1.173913043478261,66,78,8,9,8,0,0,4,0,1,0
928,1.9574468085106382,1.0740740740740742,35,36,3,3,4,0,0,4,0,1,0
929,1.8076923076923077,1.0,35,38,4,4,5,0,0,4,0,1,1
930,1.25,1.0,2,1,0,0,0,0,0,2,0,0,0
931,1.9743589743589745,1.105263157894737,27,35,4,6,2,0,0,4,1,1,0
932,2.0727272727272728,1.0344827586206897,36,43,4,6,5,0,0,4,1,1,0
933,2.1186440677966103,1.1333333333333333,41,49,4,7,4,0,0,4,1,1,0
934,2.727272727272727,1.2903225806451613,50,60,7,8,5,0,0,4,0,1,0
935,3.3333333333333335,1.2,60,77,8,12,7,0,0,4,1,1,0
936,4.113207547169812,1.4883720930232558,82,90,9,9,15,0,0,4,1,1,0
937,2.8771929824561404,1.3157894736842106,60,68,8,6,8,0,0,4,1,1,0
938,2.2083333333333335,1.16,36,44,7,4,4,0,0,4,1,1,0
939,2.6666666666666665,1.2,36,44,6,4,4,0,0,4,1,1,0
940,1.0,1.0,3,2,0,0,1,0,0,3,0,0,0
941,1.7446808510638299,1.0454545454545454,28,35,3,6,3,0,0,4,1,1,0
942,2.119047619047619,1.0357142857142858,37,40,4,4,5,0,0,4,0,1,0
943,2.440677966101695,1.1612903225806452,43,52,5,7,6,0,0,4,1,1,0
944,2.4339622641509435,1.0810810810810811,52,57,6,6,9,0,0,4,1,1,0
945,2.4754098360655736,1.1891891891891893,56,67,9,7,7,0,0,4,1,1,0
946,4.311475409836065,1.425531914893617,85,93,9,9,11,0,0,4,1,1,1
947,2.7288135593220337,1.3142857142857143,58,63,6,6,8,0,0,4,0,1,1
948,2.8974358974358974,1.16,35,49,7,8,2,0,0,4,1,0,0
949,1.962962962962963,1.0769230769230769,36,38,4,4,6,0,0,4,1,1,0
950,1.0,1.0,2,1,0,0,0,0,0,2,0,0,0
951,2.1219512195121952,1.0434782608695652,28,29,3,3,2,0,0,4,0,1,0
952,2.3389830508474576,1.3076923076923077,42,45,4,4,8,0,0,4,0,1,0
953,2.169811320754717,1.2222222222222223,41,44,4,4,6,0,0,4,0,1,0
954,2.5535714285714284,1.2,51,67,9,9,5,0,0,4,1,0,1
955,2.696969696969697,1.2432432432432432,58,69,8,9,5,0,0,4,1,1,0
956,3.4285714285714284,1.1929824561403508,84,110,14,15,7,0,0,4,1,1,0
957,2.611940298507463,1.1951219512195121,61,72,9,7,8,0,0,4,1,1,1
958,2.1052631578947367,1.0909090909090908,30,32,4,4,4,0,0,4,0,1,0
959,2.0,1.0769230769230769,33,41,6,4,4,0,0,4,1,1,0
960,1.1111111111111112,1.0,2,1,0,0,0,0,0,2,0,0,0
961,1.7659574468085106,1.0,26,27,2,2,4,0,0,4,0,1,0
962,2.4186046511627906,1.1851851851851851,40,49,7,5,5,0,0,4,1,1,0
963,2.1914893617021276,1.2692307692307692,41,44,4,4,7,0,0,4,1,1,0
964,2.8867924528301887,1.28125,51,55,5,5,8,0,0,4,0,1,0
965,2.967741935483871,1.25,60,76,10,9,4,0,0,4,1,1,0
966,2.5842696629213484,1.2452830188679245,84,87,9,9,12,0,0,4,1,1,0
967,2.4782608695652173,1.1590909090909092,67,80,12,11,8,0,0,4,1,1,0
968,2.372093023255814,1.0869565217391304,31,39,5,6,0,0,0,4,0,1,0
969,2.0697674418604652,1.1304347826086956,33,42,7,5,1,0,0,4,1,1,0
970,1.1111111111111112,1.0,3,2,0,0,1,0,0,3,0,0,0
971,2.4473684210526314,1.0952380952380953,28,36,5,6,0,0,0,4,0,1,0
972,2.34,1.1935483870967742,43,57,7,8,3,0,0,4,1,0,0
973,2.6491228070175437,1.1666666666666667,43,46,5,5,7,0,0,4,0,1,0
974,2.457627118644068,1.2162162162162162,57,62,7,7,8,0,0,4,1,1,0
975,3.510204081632653,1.3142857142857143,60,66,7,7,10,0,0,4,0,1,0
976,3.746031746031746,1.5121951219512195,81,95,14,12,11,0,0,4,1,1,1
977,2.7794117647058822,1.1951219512195121,57,72,10,9,4,0,0,4,1,1,0
978,2.4186046511627906,1.04,34,37,4,4,4,0,0,4,0,1,0
979,2.3658536585365852,1.1666666666666667,35,43,7,5,5,0,0,4,1,1,0
980,1.25,1.0,3,2,0,0,1,0,0,3,0,0,0
981,2.0588235294117645,1.105263157894737,27,35,7,4,1,0,0,4,1,1,0
982,2.6595744680851063,1.28,40,49,5,7,5,0,0,4,1,1,0
983,2.1956521739130435,1.24,41,51,8,6,5,0,0,4,1,1,0
984,2.8545454545454545,1.05,52,56,5,5,7,0,0,4,1,1,0
985,3.425925925925926,1.1136363636363635,60,77,12,8,7,0,0,4,1,1,0
986,3.573529411764706,1.346938775510204,80,89,10,8,12,0,0,4,1,1,1
987,3.107142857142857,1.3055555555555556,57,67,9,7,9,0,0,4,1,0,0
988,2.1363636363636362,1.0769230769230769,34,42,4,6,3,0,0,4,1,1,0
989,2.395348837209302,1.2857142857142858,33,35,4,4,4,0,0,4,0,1,0
990,1.5,1.0,2,1,0,0,0,0,0,2,0,0,0
991,2.3076923076923075,1.1818181818181819,31,38,5,7,1,0,0,4,1,0,0
992,2.409090909090909,1.1666666666666667,36,39,4,4,6,0,0,4,0,1,0
993,2.769230769230769,1.1666666666666667,45,49,5,5,5,0,0,4,0,1,0
994,2.66,1.3333333333333333,50,54,5,5,7,0,0,4,0,1,0
995,3.418181818181818,1.2439024390243902,63,74,9,7,6,0,0,4,1,1,0
996,3.5945945945945947,1.4074074074074074,94,112,13,16,7,0,0,4,1,1,0
997,3.0163934426229506,1.3,63,73,9,7,10,0,0,4,1,1,0
998,2.2,1.2173913043478262,35,44,7,5,3,0,0,4,1,1,0
999,2.489795918367347,1.24,39,49,6,7,1,0,0,4,1,1,0